asset,strategy,cycle,phase,start,end,n_days,coverage,total_ret,ann_ret,mdd,gross_ret,fee_drag,n_trade_days
BTC,hold,2016,P1 H+0-6m,2016-07-09,2017-01-09,177,full,0.377708,0.936254,-0.211565,0.377708,0.000000,0
BTC,hold,2016,P2 H+6-12m,2017-01-09,2017-07-09,181,full,1.775412,6.834350,-0.269213,1.775412,0.000000,0
BTC,hold,2016,P3 H+12-18m,2017-07-09,2018-01-09,184,full,4.863887,32.407685,-0.355336,4.863887,0.000000,0
BTC,hold,2016,P4 H+18-30m,2018-01-09,2019-01-09,365,full,-0.724943,-0.724943,-0.779752,-0.724943,0.000000,0
BTC,hold,2016,P5 H+30-48m,2019-01-09,2020-05-11,488,partial,1.127366,0.758773,-0.621536,1.127366,0.000000,0
BTC,hold,2020,P1 H+0-6m,2020-05-11,2020-11-11,184,full,0.755467,2.053518,-0.174959,0.755467,0.000000,0
BTC,hold,2020,P2 H+6-12m,2020-11-11,2021-05-11,181,full,2.646247,12.583278,-0.249025,2.646247,0.000000,0
BTC,hold,2020,P3 H+12-18m,2021-05-11,2021-11-11,184,full,0.161946,0.346818,-0.474467,0.161946,0.000000,0
BTC,hold,2020,P4 H+18-30m,2021-11-11,2022-11-11,365,full,-0.728924,-0.728924,-0.756804,-0.728924,0.000000,0
BTC,hold,2020,P5 H+30-48m,2022-11-11,2024-04-20,526,full,2.631902,1.447295,-0.200540,2.631902,0.000000,0
BTC,hold,2024,P1 H+0-6m,2024-04-20,2024-10-20,183,full,0.070349,0.145222,-0.242090,0.070349,0.000000,0
BTC,hold,2024,P2 H+6-12m,2024-10-20,2025-04-20,182,full,0.241940,0.544252,-0.280904,0.241940,0.000000,0
BTC,hold,2024,P3 H+12-18m,2025-04-20,2025-10-20,183,full,0.281994,0.641279,-0.144209,0.281994,0.000000,0
BTC,hold,2024,P4 H+18-30m,2025-10-20,2026-07-06,259,partial,-0.420902,-0.536922,-0.487921,-0.420902,0.000000,0
BTC,cash8,2016,P1 H+0-6m,2016-07-09,2017-01-09,177,full,0.038026,0.080000,0.000000,0.038026,0.000000,0
BTC,cash8,2016,P2 H+6-12m,2017-01-09,2017-07-09,181,full,0.038902,0.080000,0.000000,0.038902,0.000000,0
BTC,cash8,2016,P3 H+12-18m,2017-07-09,2018-01-09,184,full,0.039559,0.080000,0.000000,0.039559,0.000000,0
BTC,cash8,2016,P4 H+18-30m,2018-01-09,2019-01-09,365,full,0.080000,0.080000,0.000000,0.080000,0.000000,0
BTC,cash8,2016,P5 H+30-48m,2019-01-09,2020-05-11,488,partial,0.108376,0.080000,0.000000,0.108376,0.000000,0
BTC,cash8,2020,P1 H+0-6m,2020-05-11,2020-11-11,184,full,0.039559,0.080000,0.000000,0.039559,0.000000,0
BTC,cash8,2020,P2 H+6-12m,2020-11-11,2021-05-11,181,full,0.038902,0.080000,0.000000,0.038902,0.000000,0
BTC,cash8,2020,P3 H+12-18m,2021-05-11,2021-11-11,184,full,0.039559,0.080000,0.000000,0.039559,0.000000,0
BTC,cash8,2020,P4 H+18-30m,2021-11-11,2022-11-11,365,full,0.080000,0.080000,0.000000,0.080000,0.000000,0
BTC,cash8,2020,P5 H+30-48m,2022-11-11,2024-04-20,526,full,0.117292,0.080000,0.000000,0.117292,0.000000,0
BTC,cash8,2024,P1 H+0-6m,2024-04-20,2024-10-20,183,full,0.039340,0.080000,0.000000,0.039340,0.000000,0
BTC,cash8,2024,P2 H+6-12m,2024-10-20,2025-04-20,182,full,0.039121,0.080000,0.000000,0.039121,0.000000,0
BTC,cash8,2024,P3 H+12-18m,2025-04-20,2025-10-20,183,full,0.039340,0.080000,0.000000,0.039340,0.000000,0
BTC,cash8,2024,P4 H+18-30m,2025-10-20,2026-07-06,259,partial,0.056129,0.080000,0.000000,0.056129,0.000000,0
BTC,mix50,2016,P1 H+0-6m,2016-07-09,2017-01-09,177,full,0.209375,0.479969,-0.108707,0.209375,0.000000,0
BTC,mix50,2016,P2 H+6-12m,2017-01-09,2017-07-09,181,full,0.758004,2.119613,-0.136790,0.758004,0.000000,0
BTC,mix50,2016,P3 H+12-18m,2017-07-09,2018-01-09,184,full,1.681351,6.074949,-0.186362,1.681351,0.000000,0
BTC,mix50,2016,P4 H+18-30m,2018-01-09,2019-01-09,365,full,-0.406368,-0.406368,-0.473738,-0.406368,0.000000,0
BTC,mix50,2016,P5 H+30-48m,2019-01-09,2020-05-11,488,partial,0.719765,0.500097,-0.320553,0.719765,0.000000,0
BTC,mix50,2020,P1 H+0-6m,2020-05-11,2020-11-11,184,full,0.372969,0.875328,-0.086947,0.372969,0.000000,0
BTC,mix50,2020,P2 H+6-12m,2020-11-11,2021-05-11,181,full,1.027128,3.157660,-0.125642,1.027128,0.000000,0
BTC,mix50,2020,P3 H+12-18m,2021-05-11,2021-11-11,184,full,0.145522,0.309317,-0.252541,0.145522,0.000000,0
BTC,mix50,2020,P4 H+18-30m,2021-11-11,2022-11-11,365,full,-0.426914,-0.426914,-0.458162,-0.426914,0.000000,0
BTC,mix50,2020,P5 H+30-48m,2022-11-11,2024-04-20,526,full,1.094827,0.670513,-0.098122,1.094827,0.000000,0
BTC,mix50,2024,P1 H+0-6m,2024-04-20,2024-10-20,183,full,0.070185,0.144872,-0.117766,0.070185,0.000000,0
BTC,mix50,2024,P2 H+6-12m,2024-10-20,2025-04-20,182,full,0.155173,0.335483,-0.138829,0.155173,0.000000,0
BTC,mix50,2024,P3 H+12-18m,2025-04-20,2025-10-20,183,full,0.162497,0.350288,-0.072680,0.162497,0.000000,0
BTC,mix50,2024,P4 H+18-30m,2025-10-20,2026-07-06,259,partial,-0.202901,-0.273552,-0.251722,-0.202901,0.000000,0
BTC,trend_long,2016,P1 H+0-6m,2016-07-09,2017-01-09,177,full,0.276166,0.653470,-0.211565,0.281027,0.003797,4
BTC,trend_long,2016,P2 H+6-12m,2017-01-09,2017-07-09,181,full,1.520882,5.452983,-0.269213,1.525678,0.001972,2
BTC,trend_long,2016,P3 H+12-18m,2017-07-09,2018-01-09,184,full,5.306399,37.594287,-0.355336,5.318399,0.002158,2
BTC,trend_long,2016,P4 H+18-30m,2018-01-09,2019-01-09,365,full,-0.547565,-0.547565,-0.547383,-0.544545,0.006578,7
BTC,trend_long,2016,P5 H+30-48m,2019-01-09,2020-05-11,488,partial,1.311551,0.871466,-0.318670,1.326982,0.006626,7
BTC,trend_long,2020,P1 H+0-6m,2020-05-11,2020-11-11,184,full,0.601312,1.544593,-0.174959,0.604359,0.001905,2
BTC,trend_long,2020,P2 H+6-12m,2020-11-11,2021-05-11,181,full,2.646247,12.583278,-0.249025,2.646247,0.000000,0
BTC,trend_long,2020,P3 H+12-18m,2021-05-11,2021-11-11,184,full,0.133999,0.283319,-0.226442,0.138318,0.003716,4
BTC,trend_long,2020,P4 H+18-30m,2021-11-11,2022-11-11,365,full,-0.474081,-0.474081,-0.527724,-0.470570,0.006680,7
BTC,trend_long,2020,P5 H+30-48m,2022-11-11,2024-04-20,526,full,1.495762,0.886365,-0.278643,1.507651,0.004737,5
BTC,trend_long,2024,P1 H+0-6m,2024-04-20,2024-10-20,183,full,-0.194865,-0.350989,-0.321515,-0.190260,0.005732,6
BTC,trend_long,2024,P2 H+6-12m,2024-10-20,2025-04-20,182,full,0.400585,0.965271,-0.125712,0.401916,0.000949,1
BTC,trend_long,2024,P3 H+12-18m,2025-04-20,2025-10-20,183,full,-0.040557,-0.079261,-0.266852,-0.035070,0.005717,6
BTC,trend_long,2024,P4 H+18-30m,2025-10-20,2026-07-06,259,partial,-0.095415,-0.131788,-0.131738,-0.091969,0.003781,4
BTC,trend_short,2016,P1 H+0-6m,2016-07-09,2017-01-09,177,full,-0.076612,-0.151568,-0.111294,-0.072959,0.003945,4
BTC,trend_short,2016,P2 H+6-12m,2017-01-09,2017-07-09,181,full,-0.100777,-0.192820,-0.104290,-0.098878,0.002114,2
BTC,trend_short,2016,P3 H+12-18m,2017-07-09,2018-01-09,184,full,0.070035,0.143713,-0.000950,0.071935,0.001832,2
BTC,trend_short,2016,P4 H+18-30m,2018-01-09,2019-01-09,365,full,0.396813,0.396813,-0.374647,0.406078,0.006781,7
BTC,trend_short,2016,P5 H+30-48m,2019-01-09,2020-05-11,488,partial,0.028254,0.021058,-0.353834,0.034567,0.006009,7
BTC,trend_short,2020,P1 H+0-6m,2020-05-11,2020-11-11,184,full,-0.096085,-0.181590,-0.107406,-0.094185,0.002088,2
BTC,trend_short,2020,P2 H+6-12m,2020-11-11,2021-05-11,181,full,0.000000,0.000000,0.000000,0.000000,0.000000,0
BTC,trend_short,2020,P3 H+12-18m,2021-05-11,2021-11-11,184,full,-0.083852,-0.159473,-0.327528,-0.080153,0.004006,4
BTC,trend_short,2020,P4 H+18-30m,2021-11-11,2022-11-11,365,full,0.605586,0.605586,-0.170546,0.615006,0.005857,7
BTC,trend_short,2020,P5 H+30-48m,2022-11-11,2024-04-20,526,full,-0.353825,-0.261418,-0.414829,-0.350168,0.005504,5
BTC,trend_short,2024,P1 H+0-6m,2024-04-20,2024-10-20,183,full,-0.273040,-0.470608,-0.285609,-0.268421,0.006380,6
BTC,trend_short,2024,P2 H+6-12m,2024-10-20,2025-04-20,182,full,0.113054,0.239619,-0.093568,0.114113,0.000950,1
BTC,trend_short,2024,P3 H+12-18m,2025-04-20,2025-10-20,183,full,-0.253193,-0.441389,-0.252353,-0.248675,0.005986,6
BTC,trend_short,2024,P4 H+18-30m,2025-10-20,2026-07-06,259,partial,0.477198,0.732943,-0.106222,0.482114,0.003328,4
BTC,trend_short_f200,2016,P1 H+0-6m,2016-07-09,2017-01-09,177,full,0.000000,0.000000,0.000000,0.000000,0.000000,0
BTC,trend_short_f200,2016,P2 H+6-12m,2017-01-09,2017-07-09,181,full,0.000000,0.000000,0.000000,0.000000,0.000000,0
BTC,trend_short_f200,2016,P3 H+12-18m,2017-07-09,2018-01-09,184,full,0.000000,0.000000,0.000000,0.000000,0.000000,0
BTC,trend_short_f200,2016,P4 H+18-30m,2018-01-09,2019-01-09,365,full,-0.040811,-0.040811,-0.422365,-0.030057,0.011270,11
BTC,trend_short_f200,2016,P5 H+30-48m,2019-01-09,2020-05-11,488,partial,-0.168432,-0.128861,-0.353834,-0.162963,0.006375,7
BTC,trend_short_f200,2020,P1 H+0-6m,2020-05-11,2020-11-11,184,full,0.000000,0.000000,0.000000,0.000000,0.000000,0
BTC,trend_short_f200,2020,P2 H+6-12m,2020-11-11,2021-05-11,181,full,0.000000,0.000000,0.000000,0.000000,0.000000,0
BTC,trend_short_f200,2020,P3 H+12-18m,2021-05-11,2021-11-11,184,full,-0.155544,-0.284926,-0.357578,-0.150417,0.006183,6
BTC,trend_short_f200,2020,P4 H+18-30m,2021-11-11,2022-11-11,365,full,0.448704,0.448704,-0.184233,0.463022,0.009836,11
BTC,trend_short_f200,2020,P5 H+30-48m,2022-11-11,2024-04-20,526,full,-0.294351,-0.214885,-0.360973,-0.290488,0.005379,5
BTC,trend_short_f200,2024,P1 H+0-6m,2024-04-20,2024-10-20,183,full,-0.263144,-0.456137,-0.273605,-0.258483,0.006272,6
BTC,trend_short_f200,2024,P2 H+6-12m,2024-10-20,2025-04-20,182,full,-0.064650,-0.125442,-0.099857,-0.054759,0.010571,11
BTC,trend_short_f200,2024,P3 H+12-18m,2025-04-20,2025-10-20,183,full,-0.121621,-0.227903,-0.120315,-0.119700,0.002179,2
BTC,trend_short_f200,2024,P4 H+18-30m,2025-10-20,2026-07-06,259,partial,0.342036,0.513749,-0.106222,0.354426,0.009163,10
BTC,grid30,2016,P1 H+0-6m,2016-07-09,2017-01-09,177,full,-0.058528,-0.116947,-0.144585,-0.054624,0.004108,23
BTC,grid30,2016,P2 H+6-12m,2017-01-09,2017-07-09,181,full,-0.051105,-0.100382,-0.169784,-0.038725,0.012814,55
BTC,grid30,2016,P3 H+12-18m,2017-07-09,2018-01-09,184,full,0.113240,0.237138,-0.155607,0.134139,0.018464,76
BTC,grid30,2016,P4 H+18-30m,2018-01-09,2019-01-09,365,full,-0.598022,-0.598022,-0.639370,-0.590364,0.018467,120
BTC,grid30,2016,P5 H+30-48m,2019-01-09,2020-05-11,488,partial,0.134802,0.099202,-0.268184,0.157751,0.020009,124
BTC,grid30,2020,P1 H+0-6m,2020-05-11,2020-11-11,184,full,0.048288,0.098064,-0.066508,0.051822,0.003358,16
BTC,grid30,2020,P2 H+6-12m,2020-11-11,2021-05-11,181,full,0.219457,0.491974,-0.138386,0.237095,0.014350,68
BTC,grid30,2020,P3 H+12-18m,2021-05-11,2021-11-11,184,full,-0.134569,-0.249262,-0.136814,-0.126654,0.009063,49
BTC,grid30,2020,P4 H+18-30m,2021-11-11,2022-11-11,365,full,-0.530654,-0.530654,-0.575178,-0.525716,0.010196,82
BTC,grid30,2020,P5 H+30-48m,2022-11-11,2024-04-20,526,full,0.089344,0.061181,-0.092032,0.101040,0.010650,57
BTC,grid30,2024,P1 H+0-6m,2024-04-20,2024-10-20,183,full,0.017209,0.034617,-0.000907,0.017866,0.000648,6
BTC,grid30,2024,P2 H+6-12m,2024-10-20,2025-04-20,182,full,-0.024846,-0.049205,-0.089265,-0.019951,0.005000,31
BTC,grid30,2024,P3 H+12-18m,2025-04-20,2025-10-20,183,full,0.057846,0.118695,-0.041250,0.059040,0.001131,7
BTC,grid30,2024,P4 H+18-30m,2025-10-20,2026-07-06,259,partial,-0.238517,-0.318874,-0.291689,-0.235392,0.004034,38
ETH,hold,2016,P1 H+0-6m,2016-07-09,2017-01-09,177,full,-0.095782,-0.187490,-0.535814,-0.095782,0.000000,0
ETH,hold,2016,P2 H+6-12m,2017-01-09,2017-07-09,181,full,22.831876,597.607665,-0.383872,22.831876,0.000000,0
ETH,hold,2016,P3 H+12-18m,2017-07-09,2018-01-09,184,full,3.603841,19.674211,-0.429999,3.603841,0.000000,0
ETH,hold,2016,P4 H+18-30m,2018-01-09,2019-01-09,365,full,-0.864606,-0.864606,-0.938258,-0.864606,0.000000,0
ETH,hold,2016,P5 H+30-48m,2019-01-09,2020-05-11,488,partial,0.227986,0.166037,-0.670843,0.227986,0.000000,0
ETH,hold,2020,P1 H+0-6m,2020-05-11,2020-11-11,184,full,1.400778,4.682017,-0.325353,1.400778,0.000000,0
ETH,hold,2020,P2 H+6-12m,2020-11-11,2021-05-11,181,full,7.755140,78.459140,-0.271559,7.755140,0.000000,0
ETH,hold,2020,P3 H+12-18m,2021-05-11,2021-11-11,184,full,0.173437,0.373368,-0.571548,0.173437,0.000000,0
ETH,hold,2020,P4 H+18-30m,2021-11-11,2022-11-11,365,full,-0.719232,-0.719232,-0.789202,-0.719232,0.000000,0
ETH,hold,2020,P5 H+30-48m,2022-11-11,2024-04-20,526,full,1.355258,0.812023,-0.271680,1.355258,0.000000,0
ETH,hold,2024,P1 H+0-6m,2024-04-20,2024-10-20,183,full,-0.134537,-0.250383,-0.427644,-0.134537,0.000000,0
ETH,hold,2024,P2 H+6-12m,2024-10-20,2025-04-20,182,full,-0.392346,-0.631766,-0.632152,-0.392346,0.000000,0
ETH,hold,2024,P3 H+12-18m,2025-04-20,2025-10-20,183,full,1.477859,5.109414,-0.223150,1.477859,0.000000,0
ETH,hold,2024,P4 H+18-30m,2025-10-20,2026-07-06,259,partial,-0.558728,-0.684284,-0.622648,-0.558728,0.000000,0
ETH,cash8,2016,P1 H+0-6m,2016-07-09,2017-01-09,177,full,0.038026,0.080000,0.000000,0.038026,0.000000,0
ETH,cash8,2016,P2 H+6-12m,2017-01-09,2017-07-09,181,full,0.038902,0.080000,0.000000,0.038902,0.000000,0
ETH,cash8,2016,P3 H+12-18m,2017-07-09,2018-01-09,184,full,0.039559,0.080000,0.000000,0.039559,0.000000,0
ETH,cash8,2016,P4 H+18-30m,2018-01-09,2019-01-09,365,full,0.080000,0.080000,0.000000,0.080000,0.000000,0
ETH,cash8,2016,P5 H+30-48m,2019-01-09,2020-05-11,488,partial,0.108376,0.080000,0.000000,0.108376,0.000000,0
ETH,cash8,2020,P1 H+0-6m,2020-05-11,2020-11-11,184,full,0.039559,0.080000,0.000000,0.039559,0.000000,0
ETH,cash8,2020,P2 H+6-12m,2020-11-11,2021-05-11,181,full,0.038902,0.080000,0.000000,0.038902,0.000000,0
ETH,cash8,2020,P3 H+12-18m,2021-05-11,2021-11-11,184,full,0.039559,0.080000,0.000000,0.039559,0.000000,0
ETH,cash8,2020,P4 H+18-30m,2021-11-11,2022-11-11,365,full,0.080000,0.080000,0.000000,0.080000,0.000000,0
ETH,cash8,2020,P5 H+30-48m,2022-11-11,2024-04-20,526,full,0.117292,0.080000,0.000000,0.117292,0.000000,0
ETH,cash8,2024,P1 H+0-6m,2024-04-20,2024-10-20,183,full,0.039340,0.080000,0.000000,0.039340,0.000000,0
ETH,cash8,2024,P2 H+6-12m,2024-10-20,2025-04-20,182,full,0.039121,0.080000,0.000000,0.039121,0.000000,0
ETH,cash8,2024,P3 H+12-18m,2025-04-20,2025-10-20,183,full,0.039340,0.080000,0.000000,0.039340,0.000000,0
ETH,cash8,2024,P4 H+18-30m,2025-10-20,2026-07-06,259,partial,0.056129,0.080000,0.000000,0.056129,0.000000,0
ETH,mix50,2016,P1 H+0-6m,2016-07-09,2017-01-09,177,full,0.010362,0.021486,-0.298121,0.010362,0.000000,0
ETH,mix50,2016,P2 H+6-12m,2017-01-09,2017-07-09,181,full,4.619991,31.501085,-0.202276,4.619991,0.000000,0
ETH,mix50,2016,P3 H+12-18m,2017-07-09,2018-01-09,184,full,1.427988,4.810477,-0.233282,1.427988,0.000000,0
ETH,mix50,2016,P4 H+18-30m,2018-01-09,2019-01-09,365,full,-0.554917,-0.554917,-0.707307,-0.554917,0.000000,0
ETH,mix50,2016,P5 H+30-48m,2019-01-09,2020-05-11,488,partial,0.384688,0.275629,-0.357060,0.384688,0.000000,0
ETH,mix50,2020,P1 H+0-6m,2020-05-11,2020-11-11,184,full,0.634717,1.650973,-0.168456,0.634717,0.000000,0
ETH,mix50,2020,P2 H+6-12m,2020-11-11,2021-05-11,181,full,2.237405,9.686867,-0.142248,2.237405,0.000000,0
ETH,mix50,2020,P3 H+12-18m,2021-05-11,2021-11-11,184,full,0.195163,0.424269,-0.307662,0.195163,0.000000,0
ETH,mix50,2020,P4 H+18-30m,2021-11-11,2022-11-11,365,full,-0.390231,-0.390231,-0.503674,-0.390231,0.000000,0
ETH,mix50,2020,P5 H+30-48m,2022-11-11,2024-04-20,526,full,0.700329,0.445342,-0.131012,0.700329,0.000000,0
ETH,mix50,2024,P1 H+0-6m,2024-04-20,2024-10-20,183,full,-0.029104,-0.057209,-0.224601,-0.029104,0.000000,0
ETH,mix50,2024,P2 H+6-12m,2024-10-20,2025-04-20,182,full,-0.175118,-0.320290,-0.370049,-0.175118,0.000000,0
ETH,mix50,2024,P3 H+12-18m,2025-04-20,2025-10-20,183,full,0.659303,1.745678,-0.107668,0.659303,0.000000,0
ETH,mix50,2024,P4 H+18-30m,2025-10-20,2026-07-06,259,partial,-0.291707,-0.384951,-0.348851,-0.291707,0.000000,0
ETH,trend_long,2016,P1 H+0-6m,2016-07-09,2017-01-09,177,full,-0.174691,-0.326945,-0.266113,-0.169972,0.005724,6
ETH,trend_long,2016,P2 H+6-12m,2017-01-09,2017-07-09,181,full,22.687231,590.303705,-0.383872,22.709755,0.000950,1
ETH,trend_long,2016,P3 H+12-18m,2017-07-09,2018-01-09,184,full,1.146953,3.552343,-0.497131,1.159232,0.005632,6
ETH,trend_long,2016,P4 H+18-30m,2018-01-09,2019-01-09,365,full,-0.371657,-0.371657,-0.529019,-0.369263,0.003961,4
ETH,trend_long,2016,P5 H+30-48m,2019-01-09,2020-05-11,488,partial,-0.170166,-0.130220,-0.616521,-0.163832,0.007596,8
ETH,trend_long,2020,P1 H+0-6m,2020-05-11,2020-11-11,184,full,1.239717,3.950812,-0.325353,1.243978,0.001905,2
ETH,trend_long,2020,P2 H+6-12m,2020-11-11,2021-05-11,181,full,7.755140,78.459140,-0.271559,7.755140,0.000000,0
ETH,trend_long,2020,P3 H+12-18m,2021-05-11,2021-11-11,184,full,-0.013121,-0.025861,-0.497304,-0.009362,0.003820,4
ETH,trend_long,2020,P4 H+18-30m,2021-11-11,2022-11-11,365,full,-0.524964,-0.524964,-0.604883,-0.521338,0.007678,8
ETH,trend_long,2020,P5 H+30-48m,2022-11-11,2024-04-20,526,full,0.919877,0.572418,-0.263515,0.936370,0.008541,9
ETH,trend_long,2024,P1 H+0-6m,2024-04-20,2024-10-20,183,full,-0.092089,-0.175263,-0.138939,-0.090362,0.001901,2
ETH,trend_long,2024,P2 H+6-12m,2024-10-20,2025-04-20,182,full,0.026913,0.054704,-0.216273,0.032786,0.005742,6
ETH,trend_long,2024,P3 H+12-18m,2025-04-20,2025-10-20,183,full,0.548676,1.392672,-0.223150,0.551623,0.001879,2
ETH,trend_long,2024,P4 H+18-30m,2025-10-20,2026-07-06,259,partial,-0.203897,-0.274830,-0.203897,-0.200864,0.003783,4
ETH,trend_short,2016,P1 H+0-6m,2016-07-09,2017-01-09,177,full,-0.164978,-0.310507,-0.390640,-0.159506,0.006775,6
ETH,trend_short,2016,P2 H+6-12m,2017-01-09,2017-07-09,181,full,-0.004582,-0.009218,0.000000,-0.003865,0.000717,1
ETH,trend_short,2016,P3 H+12-18m,2017-07-09,2018-01-09,184,full,-0.897296,-0.989053,-0.905565,-0.895225,0.011378,6
ETH,trend_short,2016,P4 H+18-30m,2018-01-09,2019-01-09,365,full,1.090504,1.090504,-0.297860,1.096087,0.002678,4
ETH,trend_short,2016,P5 H+30-48m,2019-01-09,2020-05-11,488,partial,-0.529288,-0.430837,-0.627165,-0.524688,0.009549,8
ETH,trend_short,2020,P1 H+0-6m,2020-05-11,2020-11-11,184,full,-0.071775,-0.137351,-0.126257,-0.069876,0.002051,2
ETH,trend_short,2020,P2 H+6-12m,2020-11-11,2021-05-11,181,full,0.000000,0.000000,0.000000,0.000000,0.000000,0
ETH,trend_short,2020,P3 H+12-18m,2021-05-11,2021-11-11,184,full,-0.176992,-0.320503,-0.360082,-0.173537,0.004151,4
ETH,trend_short,2020,P4 H+18-30m,2021-11-11,2022-11-11,365,full,0.324658,0.324658,-0.343878,0.334243,0.007154,8
ETH,trend_short,2020,P5 H+30-48m,2022-11-11,2024-04-20,526,full,-0.202281,-0.145146,-0.328385,-0.195075,0.009003,9
ETH,trend_short,2024,P1 H+0-6m,2024-04-20,2024-10-20,183,full,-0.062309,-0.120426,-0.299401,-0.059975,0.002453,2
ETH,trend_short,2024,P2 H+6-12m,2024-10-20,2025-04-20,182,full,0.220569,0.491421,-0.273424,0.227632,0.005793,6
ETH,trend_short,2024,P3 H+12-18m,2025-04-20,2025-10-20,183,full,-0.206184,-0.369060,-0.211212,-0.204947,0.001566,2
ETH,trend_short,2024,P4 H+18-30m,2025-10-20,2026-07-06,259,partial,0.646064,1.018511,-0.140006,0.651394,0.003222,4
ETH,trend_short_f200,2016,P1 H+0-6m,2016-07-09,2017-01-09,177,full,0.105719,0.230275,-0.263855,0.106771,0.000950,1
ETH,trend_short_f200,2016,P2 H+6-12m,2017-01-09,2017-07-09,181,full,-0.004928,-0.009912,0.000000,-0.004157,0.000771,1
ETH,trend_short_f200,2016,P3 H+12-18m,2017-07-09,2018-01-09,184,full,0.000000,0.000000,0.000000,0.000000,0.000000,0
ETH,trend_short_f200,2016,P4 H+18-30m,2018-01-09,2019-01-09,365,full,0.216992,0.216992,-0.511692,0.223957,0.005481,6
ETH,trend_short_f200,2016,P5 H+30-48m,2019-01-09,2020-05-11,488,partial,-0.667279,-0.560924,-0.721320,-0.660728,0.019531,18
ETH,trend_short_f200,2020,P1 H+0-6m,2020-05-11,2020-11-11,184,full,0.000000,0.000000,0.000000,0.000000,0.000000,0
ETH,trend_short_f200,2020,P2 H+6-12m,2020-11-11,2021-05-11,181,full,0.000000,0.000000,0.000000,0.000000,0.000000,0
ETH,trend_short_f200,2020,P3 H+12-18m,2021-05-11,2021-11-11,184,full,-0.222606,-0.393173,-0.222606,-0.219253,0.004189,4
ETH,trend_short_f200,2020,P4 H+18-30m,2021-11-11,2022-11-11,365,full,0.043470,0.043470,-0.343878,0.051476,0.007552,8
ETH,trend_short_f200,2020,P5 H+30-48m,2022-11-11,2024-04-20,526,full,-0.195227,-0.139908,-0.280821,-0.191815,0.004200,4
ETH,trend_short_f200,2024,P1 H+0-6m,2024-04-20,2024-10-20,183,full,0.046292,0.094456,-0.125143,0.051398,0.004858,5
ETH,trend_short_f200,2024,P2 H+6-12m,2024-10-20,2025-04-20,182,full,0.173659,0.378687,-0.214185,0.180634,0.005953,6
ETH,trend_short_f200,2024,P3 H+12-18m,2025-04-20,2025-10-20,183,full,-0.218369,-0.388229,-0.239661,-0.217793,0.000751,1
ETH,trend_short_f200,2024,P4 H+18-30m,2025-10-20,2026-07-06,259,partial,0.496623,0.765144,-0.155068,0.511656,0.010021,11
ETH,grid30,2016,P1 H+0-6m,2016-07-09,2017-01-09,177,full,-0.051332,-0.102971,-0.405084,-0.043614,0.008121,59
ETH,grid30,2016,P2 H+6-12m,2017-01-09,2017-07-09,181,full,1.183117,3.828078,-0.138612,1.229858,0.021428,91
ETH,grid30,2016,P3 H+12-18m,2017-07-09,2018-01-09,184,full,0.573093,1.456410,-0.129179,0.600041,0.017086,94
ETH,grid30,2016,P4 H+18-30m,2018-01-09,2019-01-09,365,full,-0.862890,-0.862890,-0.899242,-0.858016,0.034176,199
ETH,grid30,2016,P5 H+30-48m,2019-01-09,2020-05-11,488,partial,-0.432685,-0.345555,-0.611470,-0.418842,0.023934,154
ETH,grid30,2020,P1 H+0-6m,2020-05-11,2020-11-11,184,full,0.148959,0.317122,-0.140735,0.158536,0.008235,47
ETH,grid30,2020,P2 H+6-12m,2020-11-11,2021-05-11,181,full,0.667297,1.803534,-0.118875,0.692485,0.015025,83
ETH,grid30,2020,P3 H+12-18m,2021-05-11,2021-11-11,184,full,0.030358,0.061120,-0.395252,0.043866,0.012875,92
ETH,grid30,2020,P4 H+18-30m,2021-11-11,2022-11-11,365,full,-0.540216,-0.540216,-0.705064,-0.531027,0.019359,139
ETH,grid30,2020,P5 H+30-48m,2022-11-11,2024-04-20,526,full,0.088643,0.060707,-0.188761,0.101492,0.011675,64
ETH,grid30,2024,P1 H+0-6m,2024-04-20,2024-10-20,183,full,0.074988,0.155143,-0.077205,0.078546,0.003305,37
ETH,grid30,2024,P2 H+6-12m,2024-10-20,2025-04-20,182,full,-0.378828,-0.615153,-0.474210,-0.373075,0.009060,59
ETH,grid30,2024,P3 H+12-18m,2025-04-20,2025-10-20,183,full,0.430851,1.043331,-0.075302,0.440567,0.006799,41
ETH,grid30,2024,P4 H+18-30m,2025-10-20,2026-07-06,259,partial,-0.344670,-0.448757,-0.432749,-0.340093,0.006690,52
