date_utc,ts_utc,type,source_url
2020-09-16,2020-09-16T18:00:00Z,fomc,https://www.federalreserve.gov/newsevents/pressreleases/monetary20200916a.htm
2020-10-13,2020-10-13T12:30:00Z,cpi,https://www.bls.gov/news.release/archives/cpi_10132020.htm
2020-11-05,2020-11-05T19:00:00Z,fomc,https://www.federalreserve.gov/newsevents/pressreleases/monetary20201105a.htm
2020-11-12,2020-11-12T13:30:00Z,cpi,https://www.bls.gov/news.release/archives/cpi_11122020.htm
2020-12-10,2020-12-10T13:30:00Z,cpi,https://www.bls.gov/news.release/archives/cpi_12102020.htm
2020-12-16,2020-12-16T19:00:00Z,fomc,https://www.federalreserve.gov/newsevents/pressreleases/monetary20201216a.htm
2021-01-13,2021-01-13T13:30:00Z,cpi,https://www.bls.gov/news.release/archives/cpi_01132021.htm
2021-01-27,2021-01-27T19:00:00Z,fomc,https://www.federalreserve.gov/newsevents/pressreleases/monetary20210127a.htm
2021-02-10,2021-02-10T13:30:00Z,cpi,https://www.bls.gov/news.release/archives/cpi_02102021.htm
2021-03-10,2021-03-10T13:30:00Z,cpi,https://www.bls.gov/news.release/archives/cpi_03102021.htm
2021-03-17,2021-03-17T18:00:00Z,fomc,https://www.federalreserve.gov/newsevents/pressreleases/monetary20210317a.htm
2021-04-13,2021-04-13T12:30:00Z,cpi,https://www.bls.gov/news.release/archives/cpi_04132021.htm
2021-04-28,2021-04-28T18:00:00Z,fomc,https://www.federalreserve.gov/newsevents/pressreleases/monetary20210428a.htm
2021-05-12,2021-05-12T12:30:00Z,cpi,https://www.bls.gov/news.release/archives/cpi_05122021.htm
2021-06-10,2021-06-10T12:30:00Z,cpi,https://www.bls.gov/news.release/archives/cpi_06102021.htm
2021-06-16,2021-06-16T18:00:00Z,fomc,https://www.federalreserve.gov/newsevents/pressreleases/monetary20210616a.htm
2021-07-13,2021-07-13T12:30:00Z,cpi,https://www.bls.gov/news.release/archives/cpi_07132021.htm
2021-07-28,2021-07-28T18:00:00Z,fomc,https://www.federalreserve.gov/newsevents/pressreleases/monetary20210728a.htm
2021-08-11,2021-08-11T12:30:00Z,cpi,https://www.bls.gov/news.release/archives/cpi_08112021.htm
2021-09-14,2021-09-14T12:30:00Z,cpi,https://www.bls.gov/news.release/archives/cpi_09142021.htm
2021-09-22,2021-09-22T18:00:00Z,fomc,https://www.federalreserve.gov/newsevents/pressreleases/monetary20210922a.htm
2021-10-13,2021-10-13T12:30:00Z,cpi,https://www.bls.gov/news.release/archives/cpi_10132021.htm
2021-11-03,2021-11-03T18:00:00Z,fomc,https://www.federalreserve.gov/newsevents/pressreleases/monetary20211103a.htm
2021-11-10,2021-11-10T13:30:00Z,cpi,https://www.bls.gov/news.release/archives/cpi_11102021.htm
2021-12-10,2021-12-10T13:30:00Z,cpi,https://www.bls.gov/news.release/archives/cpi_12102021.htm
2021-12-15,2021-12-15T19:00:00Z,fomc,https://www.federalreserve.gov/newsevents/pressreleases/monetary20211215a.htm
2022-01-12,2022-01-12T13:30:00Z,cpi,https://www.bls.gov/news.release/archives/cpi_01122022.htm
2022-01-26,2022-01-26T19:00:00Z,fomc,https://www.federalreserve.gov/newsevents/pressreleases/monetary20220126a.htm
2022-02-10,2022-02-10T13:30:00Z,cpi,https://www.bls.gov/news.release/archives/cpi_02102022.htm
2022-03-10,2022-03-10T13:30:00Z,cpi,https://www.bls.gov/news.release/archives/cpi_03102022.htm
2022-03-16,2022-03-16T18:00:00Z,fomc,https://www.federalreserve.gov/newsevents/pressreleases/monetary20220316a.htm
2022-04-12,2022-04-12T12:30:00Z,cpi,https://www.bls.gov/news.release/archives/cpi_04122022.htm
2022-05-04,2022-05-04T18:00:00Z,fomc,https://www.federalreserve.gov/newsevents/pressreleases/monetary20220504a.htm
2022-05-11,2022-05-11T12:30:00Z,cpi,https://www.bls.gov/news.release/archives/cpi_05112022.htm
2022-06-10,2022-06-10T12:30:00Z,cpi,https://www.bls.gov/news.release/archives/cpi_06102022.htm
2022-06-15,2022-06-15T18:00:00Z,fomc,https://www.federalreserve.gov/newsevents/pressreleases/monetary20220615a.htm
2022-07-13,2022-07-13T12:30:00Z,cpi,https://www.bls.gov/news.release/archives/cpi_07132022.htm
2022-07-27,2022-07-27T18:00:00Z,fomc,https://www.federalreserve.gov/newsevents/pressreleases/monetary20220727a.htm
2022-08-10,2022-08-10T12:30:00Z,cpi,https://www.bls.gov/news.release/archives/cpi_08102022.htm
2022-09-13,2022-09-13T12:30:00Z,cpi,https://www.bls.gov/news.release/archives/cpi_09132022.htm
2022-09-21,2022-09-21T18:00:00Z,fomc,https://www.federalreserve.gov/newsevents/pressreleases/monetary20220921a.htm
2022-10-13,2022-10-13T12:30:00Z,cpi,https://www.bls.gov/news.release/archives/cpi_10132022.htm
2022-11-02,2022-11-02T18:00:00Z,fomc,https://www.federalreserve.gov/newsevents/pressreleases/monetary20221102a.htm
2022-11-10,2022-11-10T13:30:00Z,cpi,https://www.bls.gov/news.release/archives/cpi_11102022.htm
2022-12-13,2022-12-13T13:30:00Z,cpi,https://www.bls.gov/news.release/archives/cpi_12132022.htm
2022-12-14,2022-12-14T19:00:00Z,fomc,https://www.federalreserve.gov/newsevents/pressreleases/monetary20221214a.htm
2023-01-12,2023-01-12T13:30:00Z,cpi,https://www.bls.gov/news.release/archives/cpi_01122023.htm
2023-02-01,2023-02-01T19:00:00Z,fomc,https://www.federalreserve.gov/newsevents/pressreleases/monetary20230201a.htm
2023-02-14,2023-02-14T13:30:00Z,cpi,https://www.bls.gov/news.release/archives/cpi_02142023.htm
2023-03-14,2023-03-14T12:30:00Z,cpi,https://www.bls.gov/news.release/archives/cpi_03142023.htm
2023-03-22,2023-03-22T18:00:00Z,fomc,https://www.federalreserve.gov/newsevents/pressreleases/monetary20230322a.htm
2023-04-12,2023-04-12T12:30:00Z,cpi,https://www.bls.gov/news.release/archives/cpi_04122023.htm
2023-05-03,2023-05-03T18:00:00Z,fomc,https://www.federalreserve.gov/newsevents/pressreleases/monetary20230503a.htm
2023-05-10,2023-05-10T12:30:00Z,cpi,https://www.bls.gov/news.release/archives/cpi_05102023.htm
2023-06-13,2023-06-13T12:30:00Z,cpi,https://www.bls.gov/news.release/archives/cpi_06132023.htm
2023-06-14,2023-06-14T18:00:00Z,fomc,https://www.federalreserve.gov/newsevents/pressreleases/monetary20230614a.htm
2023-07-12,2023-07-12T12:30:00Z,cpi,https://www.bls.gov/news.release/archives/cpi_07122023.htm
2023-07-26,2023-07-26T18:00:00Z,fomc,https://www.federalreserve.gov/newsevents/pressreleases/monetary20230726a.htm
2023-08-10,2023-08-10T12:30:00Z,cpi,https://www.bls.gov/news.release/archives/cpi_08102023.htm
2023-09-13,2023-09-13T12:30:00Z,cpi,https://www.bls.gov/news.release/archives/cpi_09132023.htm
2023-09-20,2023-09-20T18:00:00Z,fomc,https://www.federalreserve.gov/newsevents/pressreleases/monetary20230920a.htm
2023-10-12,2023-10-12T12:30:00Z,cpi,https://www.bls.gov/news.release/archives/cpi_10122023.htm
2023-11-01,2023-11-01T18:00:00Z,fomc,https://www.federalreserve.gov/newsevents/pressreleases/monetary20231101a.htm
2023-11-14,2023-11-14T13:30:00Z,cpi,https://www.bls.gov/news.release/archives/cpi_11142023.htm
2023-12-12,2023-12-12T13:30:00Z,cpi,https://www.bls.gov/news.release/archives/cpi_12122023.htm
2023-12-13,2023-12-13T19:00:00Z,fomc,https://www.federalreserve.gov/newsevents/pressreleases/monetary20231213a.htm
2024-01-11,2024-01-11T13:30:00Z,cpi,https://www.bls.gov/news.release/archives/cpi_01112024.htm
2024-01-31,2024-01-31T19:00:00Z,fomc,https://www.federalreserve.gov/newsevents/pressreleases/monetary20240131a.htm
2024-02-13,2024-02-13T13:30:00Z,cpi,https://www.bls.gov/news.release/archives/cpi_02132024.htm
2024-03-12,2024-03-12T12:30:00Z,cpi,https://www.bls.gov/news.release/archives/cpi_03122024.htm
2024-03-20,2024-03-20T18:00:00Z,fomc,https://www.federalreserve.gov/newsevents/pressreleases/monetary20240320a.htm
2024-04-10,2024-04-10T12:30:00Z,cpi,https://www.bls.gov/news.release/archives/cpi_04102024.htm
2024-05-01,2024-05-01T18:00:00Z,fomc,https://www.federalreserve.gov/newsevents/pressreleases/monetary20240501a.htm
2024-05-15,2024-05-15T12:30:00Z,cpi,https://www.bls.gov/news.release/archives/cpi_05152024.htm
2024-06-12,2024-06-12T12:30:00Z,cpi,https://www.bls.gov/news.release/archives/cpi_06122024.htm
2024-06-12,2024-06-12T18:00:00Z,fomc,https://www.federalreserve.gov/newsevents/pressreleases/monetary20240612a.htm
2024-07-11,2024-07-11T12:30:00Z,cpi,https://www.bls.gov/news.release/archives/cpi_07112024.htm
2024-07-31,2024-07-31T18:00:00Z,fomc,https://www.federalreserve.gov/newsevents/pressreleases/monetary20240731a.htm
2024-08-14,2024-08-14T12:30:00Z,cpi,https://www.bls.gov/news.release/archives/cpi_08142024.htm
2024-09-11,2024-09-11T12:30:00Z,cpi,https://www.bls.gov/news.release/archives/cpi_09112024.htm
2024-09-18,2024-09-18T18:00:00Z,fomc,https://www.federalreserve.gov/newsevents/pressreleases/monetary20240918a.htm
2024-10-10,2024-10-10T12:30:00Z,cpi,https://www.bls.gov/news.release/archives/cpi_10102024.htm
2024-11-07,2024-11-07T19:00:00Z,fomc,https://www.federalreserve.gov/newsevents/pressreleases/monetary20241107a.htm
2024-11-13,2024-11-13T13:30:00Z,cpi,https://www.bls.gov/news.release/archives/cpi_11132024.htm
2024-12-11,2024-12-11T13:30:00Z,cpi,https://www.bls.gov/news.release/archives/cpi_12112024.htm
2024-12-18,2024-12-18T19:00:00Z,fomc,https://www.federalreserve.gov/newsevents/pressreleases/monetary20241218a.htm
2025-01-15,2025-01-15T13:30:00Z,cpi,https://www.bls.gov/news.release/archives/cpi_01152025.htm
2025-01-29,2025-01-29T19:00:00Z,fomc,https://www.federalreserve.gov/newsevents/pressreleases/monetary20250129a.htm
2025-02-12,2025-02-12T13:30:00Z,cpi,https://www.bls.gov/news.release/archives/cpi_02122025.htm
2025-03-12,2025-03-12T12:30:00Z,cpi,https://www.bls.gov/news.release/archives/cpi_03122025.htm
2025-03-19,2025-03-19T18:00:00Z,fomc,https://www.federalreserve.gov/newsevents/pressreleases/monetary20250319a.htm
2025-04-10,2025-04-10T12:30:00Z,cpi,https://www.bls.gov/news.release/archives/cpi_04102025.htm
2025-05-07,2025-05-07T18:00:00Z,fomc,https://www.federalreserve.gov/newsevents/pressreleases/monetary20250507a.htm
2025-05-13,2025-05-13T12:30:00Z,cpi,https://www.bls.gov/news.release/archives/cpi_05132025.htm
2025-06-11,2025-06-11T12:30:00Z,cpi,https://www.bls.gov/news.release/archives/cpi_06112025.htm
2025-06-18,2025-06-18T18:00:00Z,fomc,https://www.federalreserve.gov/newsevents/pressreleases/monetary20250618a.htm
2025-07-15,2025-07-15T12:30:00Z,cpi,https://www.bls.gov/news.release/archives/cpi_07152025.htm
2025-07-30,2025-07-30T18:00:00Z,fomc,https://www.federalreserve.gov/newsevents/pressreleases/monetary20250730a.htm
2025-08-12,2025-08-12T12:30:00Z,cpi,https://www.bls.gov/news.release/archives/cpi_08122025.htm
2025-09-11,2025-09-11T12:30:00Z,cpi,https://www.bls.gov/news.release/archives/cpi_09112025.htm
2025-09-17,2025-09-17T18:00:00Z,fomc,https://www.federalreserve.gov/newsevents/pressreleases/monetary20250917a.htm
2025-10-24,2025-10-24T12:30:00Z,cpi,https://www.bls.gov/news.release/archives/cpi_10242025.htm
2025-10-29,2025-10-29T18:00:00Z,fomc,https://www.federalreserve.gov/newsevents/pressreleases/monetary20251029a.htm
2025-12-10,2025-12-10T19:00:00Z,fomc,https://www.federalreserve.gov/newsevents/pressreleases/monetary20251210a.htm
2025-12-18,2025-12-18T13:30:00Z,cpi,https://www.bls.gov/news.release/archives/cpi_12182025.htm
2026-01-13,2026-01-13T13:30:00Z,cpi,https://www.bls.gov/news.release/archives/cpi_01132026.htm
2026-01-28,2026-01-28T19:00:00Z,fomc,https://www.federalreserve.gov/newsevents/pressreleases/monetary20260128a.htm
2026-02-13,2026-02-13T13:30:00Z,cpi,https://www.bls.gov/news.release/archives/cpi_02132026.htm
2026-03-11,2026-03-11T12:30:00Z,cpi,https://www.bls.gov/news.release/archives/cpi_03112026.htm
2026-03-18,2026-03-18T18:00:00Z,fomc,https://www.federalreserve.gov/newsevents/pressreleases/monetary20260318a.htm
2026-04-10,2026-04-10T12:30:00Z,cpi,https://www.bls.gov/news.release/archives/cpi_04102026.htm
2026-04-29,2026-04-29T18:00:00Z,fomc,https://www.federalreserve.gov/newsevents/pressreleases/monetary20260429a.htm
2026-05-12,2026-05-12T12:30:00Z,cpi,https://www.bls.gov/news.release/archives/cpi_05122026.htm
2026-06-10,2026-06-10T12:30:00Z,cpi,https://www.bls.gov/news.release/archives/cpi_06102026.htm
2026-06-17,2026-06-17T18:00:00Z,fomc,https://www.federalreserve.gov/newsevents/pressreleases/monetary20260617a.htm
